{"cameraMode":{"drawMode":0,"name":"Shaded","section":"Shading Mode"},"sceneLighting":true,"audioPlay":false,"sceneViewState":{"showFog":true,"showMaterialUpdate":false,"showSkybox":false,"showFlares":true,"showImageEffects":true,"showParticleSystems":true},"in2DMode":false,"pivot":{"x":-91.0649185180664,"y":-15.682027816772461,"z":-21.50913429260254},"rotation":{"x":-0.05623079091310501,"y":0.778645396232605,"z":-0.0705111101269722,"w":-0.6209507584571838},"size":100.02593231201172,"orthographic":false}