{"cameraMode":{"drawMode":0,"name":"Shaded","section":"Shading Mode"},"sceneLighting":false,"audioPlay":false,"sceneViewState":{"showFog":true,"showMaterialUpdate":false,"showSkybox":false,"showFlares":true,"showImageEffects":true,"showParticleSystems":true},"in2DMode":false,"pivot":{"x":-4.76837158203125e-7,"y":1.4999996423721314,"z":-5.960464477539063e-7},"rotation":{"x":-0.11291445046663284,"y":0.6998656988143921,"z":-0.113525390625,"w":-0.6960979700088501},"size":8.573657035827637,"orthographic":false}